"tweet_id","timestamp","source","text","expanded_urls","rating_numerator","rating_denominator","name","dog_stage","jpg_url","breed","confidence","retweet_count","favorite_count"
"892420643555336193","2017-08-01 16:23:56.000000","Twitter for iPhone","This is Phineas. He's a mystical boy. Only ever appears in the hole of a donut.","https://twitter.com/dog_rates/status/892420643555336193/photo/1","13.0","10","Phineas","","https://pbs.twimg.com/media/DGKD1-bXoAAIAUK.jpg","","","7579","35813"
"892177421306343426","2017-08-01 00:17:27.000000","Twitter for iPhone","This is Tilly. She's just checking pup on you. Hopes you're doing ok. If not, she's available for pats, snugs, boops, the whole bit.","https://twitter.com/dog_rates/status/892177421306343426/photo/1","13.0","10","Tilly","","https://pbs.twimg.com/media/DGGmoV4XsAAUL6n.jpg","Chihuahua","0.323581","5616","30918"
"891815181378084864","2017-07-31 00:18:03.000000","Twitter for iPhone","This is Archie. He is a rare Norwegian Pouncing Corgo. Lives in the tall grass. You never know when one may strike.","https://twitter.com/dog_rates/status/891815181378084864/photo/1","12.0","10","Archie","","https://pbs.twimg.com/media/DGBdLU1WsAANxJ9.jpg","Chihuahua","0.716012","3719","23258"
"891689557279858688","2017-07-30 15:58:51.000000","Twitter for iPhone","This is Darla. She commenced a snooze mid meal.","https://twitter.com/dog_rates/status/891689557279858688/photo/1","13.0","10","Darla","","https://pbs.twimg.com/media/DF_q7IAWsAEuuN8.jpg","","","7763","39076"
"891327558926688256","2017-07-29 16:00:24.000000","Twitter for iPhone","This is Franklin. He would like you to stop calling him ""cute."" He is a very fierce shark and should be respected as such.","https://twitter.com/dog_rates/status/891327558926688256/photo/1,https://twitter.com/dog_rates/status/891327558926688256/photo/1","12.0","10","Franklin","","https://pbs.twimg.com/media/DF6hr6BUMAAzZgT.jpg","basset","0.555712","8353","37328"
"891087950875897856","2017-07-29 00:08:17.000000","Twitter for iPhone","Here we have a majestic great white breaching off South Africa's coast. Absolutely h*ckin breathtaking.","https://twitter.com/dog_rates/status/891087950875897856/photo/1","13.0","10","","","https://pbs.twimg.com/media/DF3HwyEWsAABqE6.jpg","Chesapeake_Bay_retriever","0.425595","2804","18814"
"890971913173991426","2017-07-28 16:27:12.000000","Twitter for iPhone","Meet Jax. He enjoys ice cream so much he gets nervous around it.","https://gofundme.com/ydvmve-surgery-for-jax,https://twitter.com/dog_rates/status/890971913173991426/photo/1","13.0","10","Jax","","https://pbs.twimg.com/media/DF1eOmZXUAALUcq.jpg","Appenzeller","0.341703","1823","10929"
"890729181411237888","2017-07-28 00:22:40.000000","Twitter for iPhone","When you watch your owner call another dog a good boy but then they turn back to you and say you're a great boy.","https://twitter.com/dog_rates/status/890729181411237888/photo/1,https://twitter.com/dog_rates/status/890729181411237888/photo/1","13.0","10","","","https://pbs.twimg.com/media/DFyBahAVwAAhUTd.jpg","Pomeranian","0.566142","16947","60315"
"890609185150312448","2017-07-27 16:25:51.000000","Twitter for iPhone","This is Zoey. She doesn't want to be one of the scary sharks. Just wants to be a snuggly pettable boatpet.","https://twitter.com/dog_rates/status/890609185150312448/photo/1","13.0","10","Zoey","","https://pbs.twimg.com/media/DFwUU__XcAEpyXI.jpg","Irish_terrier","0.487574","3857","25894"
"890240255349198849","2017-07-26 15:59:51.000000","Twitter for iPhone","This is Cassie. She is a college pup. Studying international doggo communication and stick theory.","https://twitter.com/dog_rates/status/890240255349198849/photo/1","14.0","10","Cassie","doggo","https://pbs.twimg.com/media/DFrEyVuW0AAO3t9.jpg","Pembroke","0.511319","6597","29571"
"890006608113172480","2017-07-26 00:31:25.000000","Twitter for iPhone","This is Koda. He is a South Australian deckshark. Deceptively deadly. Frighteningly majestic.","https://twitter.com/dog_rates/status/890006608113172480/photo/1,https://twitter.com/dog_rates/status/890006608113172480/photo/1","13.0","10","Koda","","https://pbs.twimg.com/media/DFnwSY4WAAAMliS.jpg","Samoyed","0.957979","6582","28463"
"889880896479866881","2017-07-25 16:11:53.000000","Twitter for iPhone","This is Bruno. He is a service shark. Only gets out of the water to assist you.","https://twitter.com/dog_rates/status/889880896479866881/photo/1","13.0","10","Bruno","","https://pbs.twimg.com/media/DFl99B1WsAITKsg.jpg","French_bulldog","0.377417","4479","25901"
"889665388333682689","2017-07-25 01:55:32.000000","Twitter for iPhone","Here's a puppo that seems to be on the fence about something haha no but seriously someone help her.","https://twitter.com/dog_rates/status/889665388333682689/photo/1","13.0","10","","puppo","https://pbs.twimg.com/media/DFi579UWsAAatzw.jpg","Pembroke","0.966327","8977","44580"
"889638837579907072","2017-07-25 00:10:02.000000","Twitter for iPhone","This is Ted. He does his best. Sometimes that's not enough. But it's ok.","https://twitter.com/dog_rates/status/889638837579907072/photo/1,https://twitter.com/dog_rates/status/889638837579907072/photo/1","12.0","10","Ted","","https://pbs.twimg.com/media/DFihzFfXsAYGDPR.jpg","French_bulldog","0.99165","4026","25085"
"889531135344209921","2017-07-24 17:02:04.000000","Twitter for iPhone","This is Stuart. He's sporting his favorite fanny pack. Secretly filled with bones only.","https://twitter.com/dog_rates/status/889531135344209921/photo/1","13.0","10","Stuart","puppo","https://pbs.twimg.com/media/DFg_2PVW0AEHN3p.jpg","golden_retriever","0.953442","2027","14063"
"889278841981685760","2017-07-24 00:19:32.000000","Twitter for iPhone","This is Oliver. You're witnessing one of his many brutal attacks. Seems to be playing with his victim.","https://twitter.com/dog_rates/status/889278841981685760/video/1","13.0","10","Oliver","","https://pbs.twimg.com/ext_tw_video_thumb/889278779352338437/pu/img/VlbFB3v8H8VwzVNY.jpg","whippet","0.626152","4793","23354"
"888917238123831296","2017-07-23 00:22:39.000000","Twitter for iPhone","This is Jim. He found a fren. Taught him how to sit like the good boys.","https://twitter.com/dog_rates/status/888917238123831296/photo/1","12.0","10","Jim","","https://pbs.twimg.com/media/DFYRgsOUQAARGhO.jpg","golden_retriever","0.714719","4035","27000"
"888804989199671297","2017-07-22 16:56:37.000000","Twitter for iPhone","This is Zeke. He has a new stick. Very proud of it. Would like you to throw it for him without taking it.","https://twitter.com/dog_rates/status/888804989199671297/photo/1,https://twitter.com/dog_rates/status/888804989199671297/photo/1","13.0","10","Zeke","","https://pbs.twimg.com/media/DFWra-3VYAA2piG.jpg","golden_retriever","0.46976","3803","23699"
"888554962724278272","2017-07-22 00:23:06.000000","Twitter for iPhone","This is Ralphus. He's powering up. Attempting maximum borkdrive.","https://twitter.com/dog_rates/status/888554962724278272/photo/1,https://twitter.com/dog_rates/status/888554962724278272/photo/1,https://twitter.com/dog_rates/status/888554962724278272/photo/1,https://twitter.com/dog_rates/status/888554962724278272/photo/1","13.0","10","Ralphus","","https://pbs.twimg.com/media/DFTH_O-UQAACu20.jpg","Siberian_husky","0.700377","3117","18299"
"888078434458587136","2017-07-20 16:49:33.000000","Twitter for iPhone","This is Gerald. He was just told he didn't get the job he interviewed for. A h*ckin injustice.","https://twitter.com/dog_rates/status/888078434458587136/photo/1,https://twitter.com/dog_rates/status/888078434458587136/photo/1","12.0","10","Gerald","","https://pbs.twimg.com/media/DFMWn56WsAAkA7B.jpg","French_bulldog","0.995026","3121","20227"
"887705289381826560","2017-07-19 16:06:48.000000","Twitter for iPhone","This is Jeffrey. He has a monopoly on the pool noodles. Currently running a 'boop for two' midweek sale.","https://twitter.com/dog_rates/status/887705289381826560/photo/1","13.0","10","Jeffrey","","https://pbs.twimg.com/media/DFHDQBbXgAEqY7t.jpg","basset","0.821664","4853","28106"
"887517139158093824","2017-07-19 03:39:09.000000","Twitter for iPhone","I've yet to rate a Venezuelan Hover Wiener. This is such an honor.","https://twitter.com/dog_rates/status/887517139158093824/video/1","14.0","10","","","https://pbs.twimg.com/ext_tw_video_thumb/887517108413886465/pu/img/WanJKwssZj4VJvL9.jpg","","","10591","43048"
"887473957103951883","2017-07-19 00:47:34.000000","Twitter for iPhone","This is Canela. She attempted some fancy porch pics. They were unsuccessful.","https://twitter.com/dog_rates/status/887473957103951883/photo/1,https://twitter.com/dog_rates/status/887473957103951883/photo/1","13.0","10","Canela","","https://pbs.twimg.com/media/DFDw2tyUQAAAFke.jpg","Pembroke","0.809197","16170","63766"
"887343217045368832","2017-07-18 16:08:03.000000","Twitter for iPhone","You may not have known you needed to see this today.","https://twitter.com/dog_rates/status/887343217045368832/video/1","13.0","10","","","https://pbs.twimg.com/ext_tw_video_thumb/887343120832229379/pu/img/6HSuFrW1lzI_9Mht.jpg","Mexican_hairless","0.330741","9425","31260"
"886983233522544640","2017-07-17 16:17:36.000000","Twitter for iPhone","This is Maya. She's very shy. Rarely leaves her cup.","https://twitter.com/dog_rates/status/886983233522544640/photo/1,https://twitter.com/dog_rates/status/886983233522544640/photo/1","13.0","10","Maya","","https://pbs.twimg.com/media/DE8yicJW0AAAvBJ.jpg","Chihuahua","0.793469","6882","32360"
"886680336477933568","2017-07-16 20:14:00.000000","Twitter for iPhone","This is Derek. He's late for a dog meeting.","https://twitter.com/dog_rates/status/886680336477933568/photo/1","13.0","10","Derek","","https://pbs.twimg.com/media/DE4fEDzWAAAyHMM.jpg","","","4019","20868"
"886366144734445568","2017-07-15 23:25:31.000000","Twitter for iPhone","This is Roscoe. Another pupper fallen victim to spontaneous tongue ejections. Get the BlepiPen immediate.","https://twitter.com/dog_rates/status/886366144734445568/photo/1,https://twitter.com/dog_rates/status/886366144734445568/photo/1","12.0","10","Roscoe","pupper","https://pbs.twimg.com/media/DE0BTnQUwAApKEH.jpg","French_bulldog","0.999201","2846","19611"
"886258384151887873","2017-07-15 16:17:19.000000","Twitter for iPhone","This is Waffles. His doggles are pupside down. Unsure how to fix.","https://twitter.com/dog_rates/status/886258384151887873/photo/1","13.0","10","Waffles","","https://pbs.twimg.com/media/DEyfTG4UMAE4aE9.jpg","pug","0.943575","5682","25981"
"885984800019947520","2017-07-14 22:10:11.000000","Twitter for iPhone","Viewer discretion advised. This is Jimbo. He will rip ur finger right h*ckin off. Other dog clearly an accessory.","https://twitter.com/dog_rates/status/885984800019947520/photo/1","12.0","10","Jimbo","","https://pbs.twimg.com/media/DEumeWWV0AA-Z61.jpg","Blenheim_spaniel","0.972494","6043","30228"
"885528943205470208","2017-07-13 15:58:47.000000","Twitter for iPhone","This is Maisey. She fell asleep mid-excavation. Happens to the best of us.","https://twitter.com/dog_rates/status/885528943205470208/photo/1","13.0","10","Maisey","","https://pbs.twimg.com/media/DEoH3yvXgAAzQtS.jpg","pug","0.369275","5743","33366"
"885167619883638784","2017-07-12 16:03:00.000000","Twitter for iPhone","Here we have a corgi undercover as a malamute. Pawbably doing important investigative work. Zero control over tongue happenings.","https://twitter.com/dog_rates/status/885167619883638784/photo/1,https://twitter.com/dog_rates/status/885167619883638784/photo/1,https://twitter.com/dog_rates/status/885167619883638784/photo/1,https://twitter.com/dog_rates/status/885167619883638784/photo/1","13.0","10","","","https://pbs.twimg.com/media/DEi_N9qXYAAgEEw.jpg","malamute","0.812482","3921","20309"
"884925521741709313","2017-07-12 00:01:00.000000","Twitter for iPhone","This is Earl. He found a hat. Nervous about what you think of it.","https://twitter.com/dog_rates/status/884925521741709313/photo/1","12.0","10","Earl","","https://pbs.twimg.com/media/DEfjEaNXkAAtPlj.jpg","Italian_greyhound","0.259916","16216","71442"
"884876753390489601","2017-07-11 20:47:12.000000","Twitter for iPhone","This is Lola. It's her first time outside. Must test the earth and taste the atmosphere.","https://twitter.com/dog_rates/status/884876753390489601/photo/1,https://twitter.com/dog_rates/status/884876753390489601/photo/1,https://twitter.com/dog_rates/status/884876753390489601/photo/1,https://twitter.com/dog_rates/status/884876753390489601/photo/1","13.0","10","Lola","","https://pbs.twimg.com/media/DEe2tZXXkAAwyX3.jpg","chow","0.822103","5015","25812"
"884562892145688576","2017-07-11 00:00:02.000000","Twitter for iPhone","This is Kevin. He's just so happy.","https://twitter.com/dog_rates/status/884562892145688576/photo/1","13.0","10","Kevin","","https://pbs.twimg.com/media/DEaZQkfXUAEC7qB.jpg","pug","0.546406","4227","22574"
"884441805382717440","2017-07-10 15:58:53.000000","Twitter for iPhone","I present to you, Pup in Hat. Pup in Hat is great for all occasions. Extremely versatile. Compact as h*ck.","https://twitter.com/dog_rates/status/884441805382717440/photo/1","14.0","10","","","https://pbs.twimg.com/media/DEYrIZwWsAA2Wo5.jpg","Pembroke","0.993225","5122","25155"
"884162670584377345","2017-07-09 21:29:42.000000","Twitter for iPhone","Meet Yogi. He doesn't have any important dog meetings today he just enjoys looking his best at all times.","https://twitter.com/dog_rates/status/884162670584377345/photo/1","12.0","10","Yogi","doggo","https://pbs.twimg.com/media/DEUtQbzW0AUTv_o.jpg","German_shepherd","0.707046","2689","18937"
"883838122936631299","2017-07-09 00:00:04.000000","Twitter for iPhone","This is Noah. He can't believe someone made this mess. Got the vacuum out for you though. Offered to help clean pup.","https://twitter.com/dog_rates/status/883838122936631299/photo/1","12.0","10","Noah","","https://pbs.twimg.com/media/DEQGFgAXUAAEvfi.jpg","Doberman","0.610946","3084","20282"
"883360690899218434","2017-07-07 16:22:55.000000","Twitter for iPhone","Meet Grizzwald. He may be the floofiest floofer I ever did see. Lost eyes saving a schoolbus from a volcano erpuption.","https://twitter.com/dog_rates/status/883360690899218434/photo/1","13.0","10","Grizzwald","floofer","https://pbs.twimg.com/media/DEJT3FeXoAAtwUy.jpg","chow","0.987997","3326","21053"
"883117836046086144","2017-07-07 00:17:54.000000","Twitter for iPhone","Please only send dogs. We don't rate mechanics, no matter how h*ckin good. Thank you...","https://twitter.com/dog_rates/status/883117836046086144/photo/1,https://twitter.com/dog_rates/status/883117836046086144/photo/1","13.0","10","","","https://pbs.twimg.com/media/DEF2-_hXoAAs62q.jpg","golden_retriever","0.949562","5980","34439"
"882992080364220416","2017-07-06 15:58:11.000000","Twitter for iPhone","This is Rusty. He wasn't ready for the first pic. Clearly puppared for the second.","https://twitter.com/dog_rates/status/882992080364220416/photo/1,https://twitter.com/dog_rates/status/882992080364220416/photo/1","13.0","10","Rusty","","https://pbs.twimg.com/media/DEEEnIqXYAAiJh_.jpg","Eskimo_dog","0.466778","3496","22161"
"882762694511734784","2017-07-06 00:46:41.000000","Twitter for iPhone","This is Gus. He's quite the cheeky pupper. Already perfected the disinterested wink.","https://twitter.com/dog_rates/status/882762694511734784/photo/1","12.0","10","Gus","pupper","https://pbs.twimg.com/media/DEAz_HHXsAA-p_z.jpg","Labrador_retriever","0.85005","4390","26226"
"882627270321602560","2017-07-05 15:48:34.000000","Twitter for iPhone","This is Stanley. He has his first swim lesson today. Doggle straps adjusted. Ready to go.","https://twitter.com/dog_rates/status/882627270321602560/photo/1","13.0","10","Stanley","","https://pbs.twimg.com/media/DD-40X3WAAAJPU5.jpg","Pembroke","0.542982","5461","25989"
"882268110199369728","2017-07-04 16:01:23.000000","Twitter for iPhone","This is Alfy. You're witnessing his first watermelon experience. I think it was a success.","https://twitter.com/dog_rates/status/882268110199369728/photo/1,https://twitter.com/dog_rates/status/882268110199369728/photo/1,https://twitter.com/dog_rates/status/882268110199369728/photo/1","13.0","10","Alfy","","https://pbs.twimg.com/media/DD5yKdPW0AArzX8.jpg","golden_retriever","0.762211","10419","41584"
"882045870035918850","2017-07-04 01:18:17.000000","Twitter for iPhone","This is Koko. Her owner, inspired by Barney, recently built a cart for her to use during walks if she got tired.","https://twitter.com/dog_rates/status/882045870035918850/photo/1,https://twitter.com/dog_rates/status/882045870035918850/photo/1,https://twitter.com/dog_rates/status/882045870035918850/photo/1,https://twitter.com/dog_rates/status/882045870035918850/photo/1","13.0","10","Koko","","https://pbs.twimg.com/media/DD2oCl2WAAEI_4a.jpg","","","4388","27230"
"881906580714921986","2017-07-03 16:04:48.000000","Twitter for iPhone","This is Rey. He's a Benebop Cumberfloof.","https://twitter.com/dog_rates/status/881906580714921986/photo/1","12.0","10","Rey","","https://pbs.twimg.com/media/DD0pWm9XcAAeSBL.jpg","Weimaraner","0.291539","3062","22593"
"881666595344535552","2017-07-03 00:11:11.000000","Twitter for iPhone","This is Gary. He couldn't miss this puppertunity for a selfie. Flawless focusing skills.","https://twitter.com/dog_rates/status/881666595344535552/photo/1","13.0","10","Gary","","https://pbs.twimg.com/media/DDxPFwbWAAEbVVR.jpg","Saluki","0.529012","9595","47042"
"881536004380872706","2017-07-02 15:32:16.000000","Twitter for iPhone","Here is a pupper approaching maximum borkdrive. Zooming at never before seen speeds.","https://twitter.com/dog_rates/status/881536004380872706/video/1","14.0","10","","pupper","https://pbs.twimg.com/ext_tw_video_thumb/881535971568889856/pu/img/9bawiZ--8FKywTkz.jpg","Samoyed","0.281463","14389","45921"
"881268444196462592","2017-07-01 21:49:04.000000","Twitter for iPhone","Meet Elliot. He's a Canadian Forrest Pup. Unusual number of antlers for a dog. Sneaky tongue slip to celebrate #Canada150.","https://twitter.com/dog_rates/status/881268444196462592/photo/1","12.0","10","Elliot","","https://pbs.twimg.com/media/DDrk-f9WAAI-WQv.jpg","","","4757","21595"
"880935762899988482","2017-06-30 23:47:07.000000","Twitter for iPhone","This is Louis. He's crossing. It's a big deal.","https://twitter.com/dog_rates/status/880935762899988482/photo/1","13.0","10","Louis","","https://pbs.twimg.com/media/DDm2Z5aXUAEDS2u.jpg","","","2516","15885"
"880465832366813184","2017-06-29 16:39:47.000000","Twitter for iPhone","This is Bella. She had her first beach experience this morning. Complete success.","https://twitter.com/dog_rates/status/880465832366813184/photo/1,https://twitter.com/dog_rates/status/880465832366813184/photo/1,https://twitter.com/dog_rates/status/880465832366813184/photo/1,https://twitter.com/dog_rates/status/880465832366813184/photo/1","12.0","10","Bella","","https://pbs.twimg.com/media/DDgK-J4XUAIEV9W.jpg","golden_retriever","0.913255","5584","26429"
"880221127280381952","2017-06-29 00:27:25.000000","Twitter for iPhone","Meet Jesse. He's a Fetty Woof. His tongue ejects without warning. A true bleptomaniac.","https://twitter.com/dog_rates/status/880221127280381952/photo/1,https://twitter.com/dog_rates/status/880221127280381952/photo/1","12.0","10","Jesse","","https://pbs.twimg.com/media/DDcscbXU0AIfDzs.jpg","Chihuahua","0.238525","3749","25058"
"880095782870896641","2017-06-28 16:09:20.000000","Twitter for iPhone","Please don't send in photos without dogs in them. We're not @porch_rates. Insubordinate and churlish. Pretty good porch tho","https://twitter.com/dog_rates/status/880095782870896641/photo/1","11.0","10","","","https://pbs.twimg.com/media/DDa6ckbXgAAM1vV.jpg","miniature_pinscher","0.120298","3909","25657"
"879862464715927552","2017-06-28 00:42:13.000000","Twitter for iPhone","This is Romeo. He would like to do an entrance. Requesting your immediate assistance.","https://twitter.com/dog_rates/status/879862464715927552/photo/1,https://twitter.com/dog_rates/status/879862464715927552/photo/1,https://twitter.com/dog_rates/status/879862464715927552/photo/1","13.0","10","Romeo","","https://pbs.twimg.com/media/DDXmPrbWAAEKMvy.jpg","basset","0.813507","3133","20769"
"879492040517615616","2017-06-27 00:10:17.000000","Twitter for iPhone","This is Bailey. He thinks you should measure ear length for signs of growth instead.","https://twitter.com/dog_rates/status/879492040517615616/photo/1","12.0","10","Bailey","","https://pbs.twimg.com/media/DDSVWMvXsAEgmMK.jpg","German_short-haired_pointer","0.479896","2874","21823"
"879415818425184262","2017-06-26 19:07:24.000000","Twitter for iPhone","This is Duddles. He did an attempt.","https://twitter.com/dog_rates/status/879415818425184262/video/1","13.0","10","Duddles","","https://pbs.twimg.com/ext_tw_video_thumb/879415784908390401/pu/img/cX7XI1TnUsseGET5.jpg","English_springer","0.383404","40069","98261"
"879376492567855104","2017-06-26 16:31:08.000000","Twitter for iPhone","This is Jack AKA Stephen Furry. You're not scoring on him. Unless he slips down the slide.","https://twitter.com/dog_rates/status/879376492567855104/photo/1","12.0","10","Jack","","https://pbs.twimg.com/media/DDQsQGFV0AAw6u9.jpg","","","2820","15619"
"879050749262655488","2017-06-25 18:56:45.000000","Twitter for iPhone","This is Steven. He has trouble relating to other dogs. Quite shy. Neck longer than average. Tropical probably.","https://twitter.com/dog_rates/status/879050749262655488/photo/1","11.0","10","Steven","","https://pbs.twimg.com/media/DDMD_phXoAQ1qf0.jpg","","","4237","20952"
"879008229531029506","2017-06-25 16:07:47.000000","Twitter for iPhone","This is Beau. That is Beau's balloon. He takes it everywhere.","https://twitter.com/dog_rates/status/879008229531029506/photo/1","13.0","10","Beau","","https://pbs.twimg.com/media/DDLdUrqXYAMOVzY.jpg","vizsla","0.960513","2416","17674"
"878776093423087618","2017-06-25 00:45:22.000000","Twitter for iPhone","This is Snoopy. He's a proud #PrideMonthPuppo. Impeccable handwriting for not having thumbs.","https://twitter.com/dog_rates/status/878776093423087618/photo/1,https://twitter.com/dog_rates/status/878776093423087618/photo/1","13.0","10","Snoopy","puppo","https://pbs.twimg.com/media/DDIKMXzW0AEibje.jpg","Italian_greyhound","0.734684","3687","18006"
"878281511006478336","2017-06-23 16:00:04.000000","Twitter for iPhone","Meet Shadow. In an attempt to reach maximum zooming borkdrive, he tore his ACL. Still","https://www.gofundme.com/3yd6y1c,https://twitter.com/dog_rates/status/878281511006478336/photo/1","13.0","10","Shadow","","https://pbs.twimg.com/media/DDBIX9QVYAAohGa.jpg","basset","0.32042","1159","7189"
"878057613040115712","2017-06-23 01:10:23.000000","Twitter for iPhone","This is Emmy. She was adopted today. Massive round of pupplause for Emmy and her new family.","https://twitter.com/dog_rates/status/878057613040115712/photo/1,https://twitter.com/dog_rates/status/878057613040115712/photo/1","14.0","10","Emmy","","https://pbs.twimg.com/media/DC98vABUIAA97pz.jpg","French_bulldog","0.839097","6133","39131"
"877736472329191424","2017-06-22 03:54:17.000000","Twitter for iPhone","This is Aja. She was just told she's a good dog. Suspicions confirmed.","https://twitter.com/dog_rates/status/877736472329191424/photo/1,https://twitter.com/dog_rates/status/877736472329191424/photo/1","13.0","10","Aja","","https://pbs.twimg.com/media/DC5YqoQW0AArOLH.jpg","Chesapeake_Bay_retriever","0.837956","17082","73677"
"877556246731214848","2017-06-21 15:58:08.000000","Twitter for iPhone","This is Penny. She's both pupset and fired pup. Not pleased w your barbaric attempts at cleanliness.","https://twitter.com/dog_rates/status/877556246731214848/photo/1","12.0","10","Penny","","https://pbs.twimg.com/media/DC20wEcW0AAf59m.jpg","basset","0.995368","3436","21101"
"877316821321428993","2017-06-21 00:06:44.000000","Twitter for iPhone","Meet Dante. At first he wasn't a fan of his new raincoat, then he saw his reflection. H*ckin handsome.","https://twitter.com/dog_rates/status/877316821321428993/photo/1,https://twitter.com/dog_rates/status/877316821321428993/photo/1","13.0","10","Dante","","https://pbs.twimg.com/media/DCza_vtXkAQXGpC.jpg","Saluki","0.509967","4689","25505"
"877201837425926144","2017-06-20 16:29:50.000000","Twitter for iPhone","This is Nelly. He graduated with his dogtorate today. Wants to know if you're proud of him.","https://twitter.com/dog_rates/status/877201837425926144/photo/1,https://twitter.com/dog_rates/status/877201837425926144/photo/1","12.0","10","Nelly","","https://pbs.twimg.com/media/DCxyahJWsAAddSC.jpg","Pembroke","0.93112","5026","25215"
"876838120628539392","2017-06-19 16:24:33.000000","Twitter for iPhone","This is Ginger. She's having a ruff Monday. Too many pupper things going on. H*ckin exhausting.","https://twitter.com/dog_rates/status/876838120628539392/photo/1,https://twitter.com/dog_rates/status/876838120628539392/photo/1","12.0","10","Ginger","pupper","https://pbs.twimg.com/media/DCsnnZsVwAEfkyi.jpg","bloodhound","0.575751","3016","19249"
"876484053909872640","2017-06-18 16:57:37.000000","Twitter for iPhone","This is Benedict. He wants to thank you for this delightful urban walk. Hopes you know he loves you.","https://twitter.com/dog_rates/status/876484053909872640/photo/1","13.0","10","Benedict","","https://pbs.twimg.com/media/DCnll_dUQAAkBdG.jpg","golden_retriever","0.874566","2136","17493"
"876120275196170240","2017-06-17 16:52:05.000000","Twitter for iPhone","Meet Venti, a seemingly caffeinated puppoccino. She was just informed the weekend would include walks, pats and scritches.","https://twitter.com/dog_rates/status/876120275196170240/photo/1","13.0","10","Venti","","https://pbs.twimg.com/media/DCiavj_UwAAcXep.jpg","Bernese_mountain_dog","0.534327","4218","26061"
"875747767867523072","2017-06-16 16:11:53.000000","Twitter for iPhone","This is Goose. He's a womanizer. Cheeky as h*ck, but also deep. Tongue slip game on another level.","https://twitter.com/dog_rates/status/875747767867523072/photo/1","13.0","10","Goose","","https://pbs.twimg.com/media/DCdH8YpUQAAiEbL.jpg","Labrador_retriever","0.799551","3867","23409"
"875144289856114688","2017-06-15 00:13:52.000000","Twitter for iPhone","Meet Nugget and Hank. Nugget took Hank's bone. Hank is wondering if you would please return it to him. Both","https://twitter.com/dog_rates/status/875144289856114688/video/1","13.0","10","Nugget","","https://pbs.twimg.com/ext_tw_video_thumb/875144175078957056/pu/img/BRi_l7vUdpb93Knf.jpg","Siberian_husky","0.245048","4436","20437"
"875021211251597312","2017-06-14 16:04:48.000000","Twitter for iPhone","Guys please stop sending pictures without any dogs in th- oh never mind hello excuse me sir.","https://twitter.com/dog_rates/status/875021211251597312/photo/1,https://twitter.com/dog_rates/status/875021211251597312/photo/1","12.0","10","","","https://pbs.twimg.com/media/DCSzF3NVoAAPzT4.jpg","West_Highland_white_terrier","0.714319","4265","23753"
"874680097055178752","2017-06-13 17:29:20.000000","Twitter for iPhone","Meet Cash. He hath acquired a stick. A very good stick tbh.","https://twitter.com/dog_rates/status/874680097055178752/photo/1","12.0","10","Cash","","https://pbs.twimg.com/media/DCN85nGUwAAzG_q.jpg","Labrador_retriever","0.836052","4193","25920"
"874296783580663808","2017-06-12 16:06:11.000000","Twitter for iPhone","This is Jed. He may be the fanciest pupper in the game right now. Knows it too.","https://twitter.com/dog_rates/status/874296783580663808/photo/1","13.0","10","Jed","pupper","https://pbs.twimg.com/media/DCIgSR0XgAANEOY.jpg","cocker_spaniel","0.437216","3729","24274"
"874012996292530176","2017-06-11 21:18:31.000000","Twitter for iPhone","This is Sebastian. He can't see all the colors of the rainbow, but he can see that this flag makes his human happy.","https://twitter.com/dog_rates/status/874012996292530176/photo/1,https://twitter.com/dog_rates/status/874012996292530176/photo/1","13.0","10","Sebastian","puppo","https://pbs.twimg.com/media/DCEeLxjXsAAvNSM.jpg","Cardigan","0.806674","9258","31923"
"873580283840344065","2017-06-10 16:39:04.000000","Twitter for iPhone","We usually don't rate Deck-bound Saskatoon Black Bears, but this one is h*ckin flawless. Sneaky tongue slip too.","https://twitter.com/dog_rates/status/873580283840344065/photo/1","13.0","10","","","https://pbs.twimg.com/media/DB-UotKXkAEHXVi.jpg","Newfoundland","0.678537","3570","22599"
"872967104147763200","2017-06-09 00:02:31.000000","Twitter for iPhone","Here's a very large dog. He has a date later. Politely asked this water person to check if his breath is bad.","https://twitter.com/dog_rates/status/872967104147763200/photo/1,https://twitter.com/dog_rates/status/872967104147763200/photo/1","12.0","10","","doggo","https://pbs.twimg.com/media/DB1m871XUAAw5vZ.jpg","Labrador_retriever","0.476913","4913","25442"
"872820683541237760","2017-06-08 14:20:41.000000","Twitter for iPhone","Most voted for a more consistent walking schedule and to increase daily pats tenfold. All","https://twitter.com/dog_rates/status/872820683541237760/photo/1,https://twitter.com/dog_rates/status/872820683541237760/photo/1,https://twitter.com/dog_rates/status/872820683541237760/photo/1,https://twitter.com/dog_rates/status/872820683541237760/photo/1","13.0","10","","","https://pbs.twimg.com/media/DBzhx0PWAAEhl0E.jpg","pug","0.99912","3375","13755"
"872620804844003328","2017-06-08 01:06:27.000000","Twitter for iPhone","This is Monkey. She's supporting owners everywhere with her fancy #PrideMonth bandana.","https://twitter.com/dog_rates/status/872620804844003328/photo/1","13.0","10","Monkey","","https://pbs.twimg.com/media/DBwr_hzXkAEnZBW.jpg","cocker_spaniel","0.513191","3311","19373"
"872486979161796608","2017-06-07 16:14:40.000000","Twitter for iPhone","We. Only. Rate. Dogs. Do not send in other things like this fluffy floor shark clearly ready to attack. Get it together guys...","https://twitter.com/dog_rates/status/872486979161796608/photo/1","12.0","10","","","https://pbs.twimg.com/media/DBuyRlTUwAAYhG9.jpg","Pembroke","0.931861","8226","38090"
"872122724285648897","2017-06-06 16:07:15.000000","Twitter for iPhone","This is Kody. He's a baller. Wishes he was a little bit taller. Double dribbles often. Still","https://twitter.com/dog_rates/status/872122724285648897/photo/1,https://twitter.com/dog_rates/status/872122724285648897/photo/1","12.0","10","Kody","","https://pbs.twimg.com/media/DBpm-5UXcAUeCru.jpg","","","7359","32032"
"871879754684805121","2017-06-06 00:01:46.000000","Twitter for iPhone","Say hello to Lassie. She's celebrating #PrideMonth by being a splendid mix of astute and adorable. Proudly supupporting her owner.","https://twitter.com/dog_rates/status/871879754684805121/photo/1,https://twitter.com/dog_rates/status/871879754684805121/photo/1","13.0","10","Lassie","","https://pbs.twimg.com/media/DBmKAmBXUAE-pQ-.jpg","Shetland_sheepdog","0.969171","9962","35121"
"871762521631449091","2017-06-05 16:15:56.000000","Twitter for iPhone","This is Rover. As part of pupper protocol he had to at least attempt to eat the plant. Confirmed not tasty. Needs peanut butter.","https://twitter.com/dog_rates/status/871762521631449091/photo/1,https://twitter.com/dog_rates/status/871762521631449091/photo/1,https://twitter.com/dog_rates/status/871762521631449091/photo/1","12.0","10","Rover","pupper","https://pbs.twimg.com/media/DBkfY58XcAEdzZy.jpg","Labrador_retriever","0.921393","3173","18903"
"871515927908634625","2017-06-04 23:56:03.000000","Twitter for iPhone","This is Napolean. He's a Raggedy East Nicaraguan Zoom Zoom. Runs on one leg. Built for deception. No eyes. Good with kids.","https://twitter.com/dog_rates/status/871515927908634625/photo/1,https://twitter.com/dog_rates/status/871515927908634625/photo/1","12.0","10","Napolean","doggo","https://pbs.twimg.com/media/DBg_HT9WAAEeIMM.jpg","komondor","0.974781","3166","18882"
"871032628920680449","2017-06-03 15:55:36.000000","Twitter for iPhone","This is Boomer. He's doing an advanced water takeoff. The opposite of Sully. Ears for control, mlem for style.","https://twitter.com/dog_rates/status/871032628920680449/photo/1","13.0","10","Boomer","","https://pbs.twimg.com/media/DBaHi3YXgAE6knM.jpg","kelpie","0.398053","3477","21297"
"870804317367881728","2017-06-03 00:48:22.000000","Twitter for iPhone","Real funny guys. Sending in a pic without a dog in it. Hilarious. We'll rate the rug tho because it's giving off a very good vibe.","https://twitter.com/dog_rates/status/870804317367881728/photo/1","11.0","10","","","https://pbs.twimg.com/media/DBW35ZsVoAEWZUU.jpg","","","5652","31525"
"870656317836468226","2017-06-02 15:00:16.000000","Twitter for iPhone","This is Cody. He zoomed too aggressively and tore his ACL. Happens to the best of us. Still","https://www.gofundme.com/help-fix-codys-torn-acl,https://twitter.com/dog_rates/status/870656317836468226/photo/1,https://twitter.com/dog_rates/status/870656317836468226/photo/1,https://twitter.com/dog_rates/status/870656317836468226/photo/1,https://twitter.com/dog_rates/status/870656317836468226/photo/1","13.0","10","Cody","","https://pbs.twimg.com/media/DBUxSSTXsAA-Jn1.jpg","Pembroke","0.945495","2400","11562"
"870374049280663552","2017-06-01 20:18:38.000000","Twitter for iPhone","This is Zoey. She really likes the planet. Would hate to see willful ignorance and the denial of fairly elemental science destroy it.","https://twitter.com/dog_rates/status/870374049280663552/photo/1","13.0","10","Zoey","","https://pbs.twimg.com/media/DBQwlFCXkAACSkI.jpg","golden_retriever","0.841001","24246","77881"
"870308999962521604","2017-06-01 16:00:09.000000","Twitter for iPhone","This is Rumble, but he's not ready to. Would rather fall asleep in his bath bucket.","https://twitter.com/dog_rates/status/870308999962521604/photo/1,https://twitter.com/dog_rates/status/870308999962521604/photo/1","13.0","10","Rumble","","https://pbs.twimg.com/media/DBP1asiUAAEKZI5.jpg","Greater_Swiss_Mountain_dog","0.622752","3789","20537"
"870063196459192321","2017-05-31 23:43:25.000000","Twitter for iPhone","Meet Clifford. He's quite large. Also red. Good w kids. Somehow never steps on them. Massive poops very inconvenient. Still","https://twitter.com/dog_rates/status/870063196459192321/photo/1,https://twitter.com/dog_rates/status/870063196459192321/photo/1","14.0","10","Clifford","","https://pbs.twimg.com/media/DBMV3NnXUAAm0Pp.jpg","","","7597","34243"
"869772420881756160","2017-05-31 04:27:59.000000","Twitter for iPhone","This is Dewey (pronounced ""covfefe""). He's having a good walk. Arguably the best walk.","https://twitter.com/dog_rates/status/869772420881756160/photo/1","13.0","10","Dewey","","https://pbs.twimg.com/media/DBINZcxXgAQ-R6P.jpg","Pembroke","0.980148","9283","39984"
"869702957897576449","2017-05-30 23:51:58.000000","Twitter for iPhone","Meet Stanley. He likes road trips. Will shift for you. One ear more effective than other.","https://twitter.com/dog_rates/status/869702957897576449/photo/1","13.0","10","Stanley","","https://pbs.twimg.com/media/DBHOOfOXoAABKlU.jpg","Pembroke","0.993449","5767","26491"
"869596645499047938","2017-05-30 16:49:31.000000","Twitter for iPhone","This is Scout. He just graduated. Officially a doggo now. Have fun with taxes and losing sight of your ambitions.","https://twitter.com/dog_rates/status/869596645499047938/photo/1,https://twitter.com/dog_rates/status/869596645499047938/photo/1","12.0","10","Scout","doggo","https://pbs.twimg.com/media/DBFtiYqWAAAsjj1.jpg","Chihuahua","0.955156","2856","14983"
"869227993411051520","2017-05-29 16:24:37.000000","Twitter for iPhone","This is Gizmo. His favorite thing is standing pupright like a hooman. Sneaky tongue slip status achieved.","https://twitter.com/dog_rates/status/869227993411051520/photo/1","13.0","10","Gizmo","","https://pbs.twimg.com/media/DBAePiVXcAAqHSR.jpg","Pembroke","0.664181","3451","19178"
"868880397819494401","2017-05-28 17:23:24.000000","Twitter for iPhone","This is Walter. He won't start hydrotherapy without his favorite floatie.","https://twitter.com/dog_rates/status/868880397819494401/photo/1","14.0","10","Walter","","https://pbs.twimg.com/media/DA7iHL5U0AA1OQo.jpg","","","13214","61436"
"868622495443632128","2017-05-28 00:18:35.000000","Twitter for iPhone","Here's a h*ckin peaceful boy. Unbothered by the comings and goings.","https://twitter.com/dog_rates/status/868622495443632128/photo/1","13.0","10","","","https://pbs.twimg.com/media/DA33i0XXsAEQtCA.jpg","Labrador_retriever","0.868107","4851","25061"
"868552278524837888","2017-05-27 19:39:34.000000","Twitter for iPhone","Say hello to Cooper. His expression is the same wet or dry. Absolute","https://www.gofundme.com/3ti3nps,https://twitter.com/dog_rates/status/868552278524837888/photo/1,https://twitter.com/dog_rates/status/868552278524837888/photo/1","12.0","10","Cooper","","https://pbs.twimg.com/media/DA23sCeVoAE3uF0.jpg","whippet","0.378151","1899","9471"
"867774946302451713","2017-05-25 16:10:44.000000","Twitter for iPhone","Meet Harold.  He's h*ckin cooperative.","https://twitter.com/dog_rates/status/867774946302451713/photo/1,https://twitter.com/dog_rates/status/867774946302451713/photo/1","13.0","10","Harold","","https://pbs.twimg.com/media/DAr0tDZXUAEMvdu.jpg","Border_collie","0.661953","6748","31963"
"867421006826221569","2017-05-24 16:44:18.000000","Twitter for iPhone","This is Shikha. She just watched you drop a skittle on the ground and still eat it. Could not be less impressed.","https://twitter.com/dog_rates/status/867421006826221569/photo/1","12.0","10","Shikha","puppo","https://pbs.twimg.com/media/DAmyy8FXYAIH8Ty.jpg","Eskimo_dog","0.616457","2291","15140"
"866686824827068416","2017-05-22 16:06:55.000000","Twitter for iPhone","This is Lili. She can't believe you betrayed her with bath time. Never looking you in the eye again.","https://twitter.com/dog_rates/status/866686824827068416/photo/1,https://twitter.com/dog_rates/status/866686824827068416/photo/1","12.0","10","Lili","","https://pbs.twimg.com/media/DAcXEWuXkAIBDGJ.jpg","flat-coated_retriever","0.51473","3208","18151"
"866450705531457537","2017-05-22 00:28:40.000000","Twitter for iPhone","This is Jamesy. He gives a kiss to every other pupper he sees on his walk.","https://twitter.com/dog_rates/status/866450705531457537/photo/1,https://twitter.com/dog_rates/status/866450705531457537/photo/1","13.0","10","Jamesy","pupper","https://pbs.twimg.com/media/DAZAUfBXcAAG_Nn.jpg","French_bulldog","0.905334","32490","115260"
